Code Domaine,Domaine,Code zone (M49),Zone,Code Élément,Élément,Code Produit,Produit,Code année,Année,Unité,Valeur,Symbole,Description du Symbole,Note
"FS","Données de la sécurité alimentaire","528","Pays-Bas (Royaume des)","6126","Valeur","22013","PIB par habitant, ($ PPA internationaux constants de 2017)","2017","2017","I$","55088.6","X","Ciffre de sources internationales",""
"FS","Données de la sécurité alimentaire","004","Afghanistan","6126","Valeur","22013","PIB par habitant, ($ PPA internationaux constants de 2017)","2017","2017","I$","2096.1","X","Ciffre de sources internationales",""
"FS","Données de la sécurité alimentaire","710","Afrique du Sud","6126","Valeur","22013","PIB par habitant, ($ PPA internationaux constants de 2017)","2017","2017","I$","13950.5","X","Ciffre de sources internationales",""
"FS","Données de la sécurité alimentaire","008","Albanie","6126","Valeur","22013","PIB par habitant, ($ PPA internationaux constants de 2017)","2017","2017","I$","12771","X","Ciffre de sources internationales",""
"FS","Données de la sécurité alimentaire","012","Algérie","6126","Valeur","22013","PIB par habitant, ($ PPA internationaux constants de 2017)","2017","2017","I$","11809.5","X","Ciffre de sources internationales",""
"FS","Données de la sécurité alimentaire","276","Allemagne","6126","Valeur","22013","PIB par habitant, ($ PPA internationaux constants de 2017)","2017","2017","I$","53071.5","X","Ciffre de sources internationales",""
"FS","Données de la sécurité alimentaire","024","Angola","6126","Valeur","22013","PIB par habitant, ($ PPA internationaux constants de 2017)","2017","2017","I$","7216.1","X","Ciffre de sources internationales",""
"FS","Données de la sécurité alimentaire","028","Antigua-et-Barbuda","6126","Valeur","22013","PIB par habitant, ($ PPA internationaux constants de 2017)","2017","2017","I$","20777.9","X","Ciffre de sources internationales",""
"FS","Données de la sécurité alimentaire","682","Arabie saoudite","6126","Valeur","22013","PIB par habitant, ($ PPA internationaux constants de 2017)","2017","2017","I$","45795.5","X","Ciffre de sources internationales",""
"FS","Données de la sécurité alimentaire","032","Argentine","6126","Valeur","22013","PIB par habitant, ($ PPA internationaux constants de 2017)","2017","2017","I$","23597.1","X","Ciffre de sources internationales",""
"FS","Données de la sécurité alimentaire","051","Arménie","6126","Valeur","22013","PIB par habitant, ($ PPA internationaux constants de 2017)","2017","2017","I$","12509.6","X","Ciffre de sources internationales",""
"FS","Données de la sécurité alimentaire","036","Australie","6126","Valeur","22013","PIB par habitant, ($ PPA internationaux constants de 2017)","2017","2017","I$","48400.2","X","Ciffre de sources internationales",""
"FS","Données de la sécurité alimentaire","040","Autriche","6126","Valeur","22013","PIB par habitant, ($ PPA internationaux constants de 2017)","2017","2017","I$","54173","X","Ciffre de sources internationales",""
"FS","Données de la sécurité alimentaire","031","Azerbaïdjan","6126","Valeur","22013","PIB par habitant, ($ PPA internationaux constants de 2017)","2017","2017","I$","14121.4","X","Ciffre de sources internationales",""
"FS","Données de la sécurité alimentaire","044","Bahamas","6126","Valeur","22013","PIB par habitant, ($ PPA internationaux constants de 2017)","2017","2017","I$","34357.3","X","Ciffre de sources internationales",""
"FS","Données de la sécurité alimentaire","048","Bahreïn","6126","Valeur","22013","PIB par habitant, ($ PPA internationaux constants de 2017)","2017","2017","I$","48929.4","X","Ciffre de sources internationales",""
"FS","Données de la sécurité alimentaire","050","Bangladesh","6126","Valeur","22013","PIB par habitant, ($ PPA internationaux constants de 2017)","2017","2017","I$","4830.8","X","Ciffre de sources internationales",""
"FS","Données de la sécurité alimentaire","052","Barbade","6126","Valeur","22013","PIB par habitant, ($ PPA internationaux constants de 2017)","2017","2017","I$","16199","X","Ciffre de sources internationales",""
"FS","Données de la sécurité alimentaire","112","Bélarus","6126","Valeur","22013","PIB par habitant, ($ PPA internationaux constants de 2017)","2017","2017","I$","18356.1","X","Ciffre de sources internationales",""
"FS","Données de la sécurité alimentaire","056","Belgique","6126","Valeur","22013","PIB par habitant, ($ PPA internationaux constants de 2017)","2017","2017","I$","50442.3","X","Ciffre de sources internationales",""
"FS","Données de la sécurité alimentaire","084","Belize","6126","Valeur","22013","PIB par habitant, ($ PPA internationaux constants de 2017)","2017","2017","I$","8873.8","X","Ciffre de sources internationales",""
"FS","Données de la sécurité alimentaire","204","Bénin","6126","Valeur","22013","PIB par habitant, ($ PPA internationaux constants de 2017)","2017","2017","I$","2933.8","X","Ciffre de sources internationales",""
"FS","Données de la sécurité alimentaire","060","Bermudes","6126","Valeur","22013","PIB par habitant, ($ PPA internationaux constants de 2017)","2017","2017","I$","81835","X","Ciffre de sources internationales",""
"FS","Données de la sécurité alimentaire","064","Bhoutan","6126","Valeur","22013","PIB par habitant, ($ PPA internationaux constants de 2017)","2017","2017","I$","10986.9","X","Ciffre de sources internationales",""
"FS","Données de la sécurité alimentaire","068","Bolivie (État plurinational de)","6126","Valeur","22013","PIB par habitant, ($ PPA internationaux constants de 2017)","2017","2017","I$","8244.9","X","Ciffre de sources internationales",""
"FS","Données de la sécurité alimentaire","070","Bosnie-Herzégovine","6126","Valeur","22013","PIB par habitant, ($ PPA internationaux constants de 2017)","2017","2017","I$","13400","X","Ciffre de sources internationales",""
"FS","Données de la sécurité alimentaire","072","Botswana","6126","Valeur","22013","PIB par habitant, ($ PPA internationaux constants de 2017)","2017","2017","I$","14656.8","X","Ciffre de sources internationales",""
"FS","Données de la sécurité alimentaire","076","Brésil","6126","Valeur","22013","PIB par habitant, ($ PPA internationaux constants de 2017)","2017","2017","I$","14477.9","X","Ciffre de sources internationales",""
"FS","Données de la sécurité alimentaire","096","Brunéi Darussalam","6126","Valeur","22013","PIB par habitant, ($ PPA internationaux constants de 2017)","2017","2017","I$","60173.1","X","Ciffre de sources internationales",""
"FS","Données de la sécurité alimentaire","100","Bulgarie","6126","Valeur","22013","PIB par habitant, ($ PPA internationaux constants de 2017)","2017","2017","I$","21470","X","Ciffre de sources internationales",""
"FS","Données de la sécurité alimentaire","854","Burkina Faso","6126","Valeur","22013","PIB par habitant, ($ PPA internationaux constants de 2017)","2017","2017","I$","1978.2","X","Ciffre de sources internationales",""
"FS","Données de la sécurité alimentaire","108","Burundi","6126","Valeur","22013","PIB par habitant, ($ PPA internationaux constants de 2017)","2017","2017","I$","750.8","X","Ciffre de sources internationales",""
"FS","Données de la sécurité alimentaire","132","Cabo Verde","6126","Valeur","22013","PIB par habitant, ($ PPA internationaux constants de 2017)","2017","2017","I$","6320.3","X","Ciffre de sources internationales",""
"FS","Données de la sécurité alimentaire","116","Cambodge","6126","Valeur","22013","PIB par habitant, ($ PPA internationaux constants de 2017)","2017","2017","I$","3972.7","X","Ciffre de sources internationales",""
"FS","Données de la sécurité alimentaire","120","Cameroun","6126","Valeur","22013","PIB par habitant, ($ PPA internationaux constants de 2017)","2017","2017","I$","3691.1","X","Ciffre de sources internationales",""
"FS","Données de la sécurité alimentaire","124","Canada","6126","Valeur","22013","PIB par habitant, ($ PPA internationaux constants de 2017)","2017","2017","I$","48317.2","X","Ciffre de sources internationales",""
"FS","Données de la sécurité alimentaire","152","Chili","6126","Valeur","22013","PIB par habitant, ($ PPA internationaux constants de 2017)","2017","2017","I$","24546.9","X","Ciffre de sources internationales",""
"FS","Données de la sécurité alimentaire","344","Chine - RAS de Hong-Kong","6126","Valeur","22013","PIB par habitant, ($ PPA internationaux constants de 2017)","2017","2017","I$","59842.2","X","Ciffre de sources internationales",""
"FS","Données de la sécurité alimentaire","446","Chine - RAS de Macao","6126","Valeur","22013","PIB par habitant, ($ PPA internationaux constants de 2017)","2017","2017","I$","122978","X","Ciffre de sources internationales",""
"FS","Données de la sécurité alimentaire","196","Chypre","6126","Valeur","22013","PIB par habitant, ($ PPA internationaux constants de 2017)","2017","2017","I$","38415.1","X","Ciffre de sources internationales",""
"FS","Données de la sécurité alimentaire","170","Colombie","6126","Valeur","22013","PIB par habitant, ($ PPA internationaux constants de 2017)","2017","2017","I$","14334.9","X","Ciffre de sources internationales",""
"FS","Données de la sécurité alimentaire","174","Comores","6126","Valeur","22013","PIB par habitant, ($ PPA internationaux constants de 2017)","2017","2017","I$","3240.2","X","Ciffre de sources internationales",""
"FS","Données de la sécurité alimentaire","178","Congo","6126","Valeur","22013","PIB par habitant, ($ PPA internationaux constants de 2017)","2017","2017","I$","4073.9","X","Ciffre de sources internationales",""
"FS","Données de la sécurité alimentaire","188","Costa Rica","6126","Valeur","22013","PIB par habitant, ($ PPA internationaux constants de 2017)","2017","2017","I$","20168.2","X","Ciffre de sources internationales",""
"FS","Données de la sécurité alimentaire","384","Côte d'Ivoire","6126","Valeur","22013","PIB par habitant, ($ PPA internationaux constants de 2017)","2017","2017","I$","4750.9","X","Ciffre de sources internationales",""
"FS","Données de la sécurité alimentaire","191","Croatie","6126","Valeur","22013","PIB par habitant, ($ PPA internationaux constants de 2017)","2017","2017","I$","27207","X","Ciffre de sources internationales",""
"FS","Données de la sécurité alimentaire","208","Danemark","6126","Valeur","22013","PIB par habitant, ($ PPA internationaux constants de 2017)","2017","2017","I$","55356.7","X","Ciffre de sources internationales",""
"FS","Données de la sécurité alimentaire","262","Djibouti","6126","Valeur","22013","PIB par habitant, ($ PPA internationaux constants de 2017)","2017","2017","I$","4451.7","X","Ciffre de sources internationales",""
"FS","Données de la sécurité alimentaire","212","Dominique","6126","Valeur","22013","PIB par habitant, ($ PPA internationaux constants de 2017)","2017","2017","I$","11511.6","X","Ciffre de sources internationales",""
"FS","Données de la sécurité alimentaire","818","Égypte","6126","Valeur","22013","PIB par habitant, ($ PPA internationaux constants de 2017)","2017","2017","I$","10435.9","X","Ciffre de sources internationales",""
"FS","Données de la sécurité alimentaire","222","El Salvador","6126","Valeur","22013","PIB par habitant, ($ PPA internationaux constants de 2017)","2017","2017","I$","8617.9","X","Ciffre de sources internationales",""
"FS","Données de la sécurité alimentaire","784","Émirats arabes unis","6126","Valeur","22013","PIB par habitant, ($ PPA internationaux constants de 2017)","2017","2017","I$","71182.4","X","Ciffre de sources internationales",""
"FS","Données de la sécurité alimentaire","218","Équateur","6126","Valeur","22013","PIB par habitant, ($ PPA internationaux constants de 2017)","2017","2017","I$","11679.4","X","Ciffre de sources internationales",""
"FS","Données de la sécurité alimentaire","724","Espagne","6126","Valeur","22013","PIB par habitant, ($ PPA internationaux constants de 2017)","2017","2017","I$","39528.9","X","Ciffre de sources internationales",""
"FS","Données de la sécurité alimentaire","233","Estonie","6126","Valeur","22013","PIB par habitant, ($ PPA internationaux constants de 2017)","2017","2017","I$","33821.9","X","Ciffre de sources internationales",""
"FS","Données de la sécurité alimentaire","748","Eswatini","6126","Valeur","22013","PIB par habitant, ($ PPA internationaux constants de 2017)","2017","2017","I$","8213.9","X","Ciffre de sources internationales",""
"FS","Données de la sécurité alimentaire","840","États-Unis d'Amérique","6126","Valeur","22013","PIB par habitant, ($ PPA internationaux constants de 2017)","2017","2017","I$","59914.8","X","Ciffre de sources internationales",""
"FS","Données de la sécurité alimentaire","231","Éthiopie","6126","Valeur","22013","PIB par habitant, ($ PPA internationaux constants de 2017)","2017","2017","I$","1988","X","Ciffre de sources internationales",""
"FS","Données de la sécurité alimentaire","643","Fédération de Russie","6126","Valeur","22013","PIB par habitant, ($ PPA internationaux constants de 2017)","2017","2017","I$","25926.4","X","Ciffre de sources internationales",""
"FS","Données de la sécurité alimentaire","242","Fidji","6126","Valeur","22013","PIB par habitant, ($ PPA internationaux constants de 2017)","2017","2017","I$","12822","X","Ciffre de sources internationales",""
"FS","Données de la sécurité alimentaire","246","Finlande","6126","Valeur","22013","PIB par habitant, ($ PPA internationaux constants de 2017)","2017","2017","I$","47570.1","X","Ciffre de sources internationales",""
"FS","Données de la sécurité alimentaire","250","France","6126","Valeur","22013","PIB par habitant, ($ PPA internationaux constants de 2017)","2017","2017","I$","44577.1","X","Ciffre de sources internationales",""
"FS","Données de la sécurité alimentaire","266","Gabon","6126","Valeur","22013","PIB par habitant, ($ PPA internationaux constants de 2017)","2017","2017","I$","14478.1","X","Ciffre de sources internationales",""
"FS","Données de la sécurité alimentaire","270","Gambie","6126","Valeur","22013","PIB par habitant, ($ PPA internationaux constants de 2017)","2017","2017","I$","1927","X","Ciffre de sources internationales",""
"FS","Données de la sécurité alimentaire","268","Géorgie","6126","Valeur","22013","PIB par habitant, ($ PPA internationaux constants de 2017)","2017","2017","I$","13589.7","X","Ciffre de sources internationales",""
"FS","Données de la sécurité alimentaire","288","Ghana","6126","Valeur","22013","PIB par habitant, ($ PPA internationaux constants de 2017)","2017","2017","I$","4929.6","X","Ciffre de sources internationales",""
"FS","Données de la sécurité alimentaire","300","Grèce","6126","Valeur","22013","PIB par habitant, ($ PPA internationaux constants de 2017)","2017","2017","I$","28604.9","X","Ciffre de sources internationales",""
"FS","Données de la sécurité alimentaire","308","Grenade","6126","Valeur","22013","PIB par habitant, ($ PPA internationaux constants de 2017)","2017","2017","I$","14870","X","Ciffre de sources internationales",""
"FS","Données de la sécurité alimentaire","320","Guatemala","6126","Valeur","22013","PIB par habitant, ($ PPA internationaux constants de 2017)","2017","2017","I$","8322.2","X","Ciffre de sources internationales",""
"FS","Données de la sécurité alimentaire","324","Guinée","6126","Valeur","22013","PIB par habitant, ($ PPA internationaux constants de 2017)","2017","2017","I$","2383.6","X","Ciffre de sources internationales",""
"FS","Données de la sécurité alimentaire","226","Guinée équatoriale","6126","Valeur","22013","PIB par habitant, ($ PPA internationaux constants de 2017)","2017","2017","I$","19617.8","X","Ciffre de sources internationales",""
"FS","Données de la sécurité alimentaire","624","Guinée-Bissau","6126","Valeur","22013","PIB par habitant, ($ PPA internationaux constants de 2017)","2017","2017","I$","1872.3","X","Ciffre de sources internationales",""
"FS","Données de la sécurité alimentaire","328","Guyana","6126","Valeur","22013","PIB par habitant, ($ PPA internationaux constants de 2017)","2017","2017","I$","12193.6","X","Ciffre de sources internationales",""
"FS","Données de la sécurité alimentaire","332","Haïti","6126","Valeur","22013","PIB par habitant, ($ PPA internationaux constants de 2017)","2017","2017","I$","3187.8","X","Ciffre de sources internationales",""
"FS","Données de la sécurité alimentaire","340","Honduras","6126","Valeur","22013","PIB par habitant, ($ PPA internationaux constants de 2017)","2017","2017","I$","5447.7","X","Ciffre de sources internationales",""
"FS","Données de la sécurité alimentaire","348","Hongrie","6126","Valeur","22013","PIB par habitant, ($ PPA internationaux constants de 2017)","2017","2017","I$","29501.1","X","Ciffre de sources internationales",""
"FS","Données de la sécurité alimentaire","584","Îles Marshall","6126","Valeur","22013","PIB par habitant, ($ PPA internationaux constants de 2017)","2017","2017","I$","4634.9","X","Ciffre de sources internationales",""
"FS","Données de la sécurité alimentaire","090","Îles Salomon","6126","Valeur","22013","PIB par habitant, ($ PPA internationaux constants de 2017)","2017","2017","I$","2625.1","X","Ciffre de sources internationales",""
"FS","Données de la sécurité alimentaire","356","Inde","6126","Valeur","22013","PIB par habitant, ($ PPA internationaux constants de 2017)","2017","2017","I$","6112.1","X","Ciffre de sources internationales",""
"FS","Données de la sécurité alimentaire","360","Indonésie","6126","Valeur","22013","PIB par habitant, ($ PPA internationaux constants de 2017)","2017","2017","I$","10941.9","X","Ciffre de sources internationales",""
"FS","Données de la sécurité alimentaire","364","Iran (République islamique d')","6126","Valeur","22013","PIB par habitant, ($ PPA internationaux constants de 2017)","2017","2017","I$","15163.3","X","Ciffre de sources internationales",""
"FS","Données de la sécurité alimentaire","368","Iraq","6126","Valeur","22013","PIB par habitant, ($ PPA internationaux constants de 2017)","2017","2017","I$","9976.9","X","Ciffre de sources internationales",""
"FS","Données de la sécurité alimentaire","372","Irlande","6126","Valeur","22013","PIB par habitant, ($ PPA internationaux constants de 2017)","2017","2017","I$","77749.2","X","Ciffre de sources internationales",""
"FS","Données de la sécurité alimentaire","352","Islande","6126","Valeur","22013","PIB par habitant, ($ PPA internationaux constants de 2017)","2017","2017","I$","55638.5","X","Ciffre de sources internationales",""
"FS","Données de la sécurité alimentaire","376","Israël","6126","Valeur","22013","PIB par habitant, ($ PPA internationaux constants de 2017)","2017","2017","I$","39121.3","X","Ciffre de sources internationales",""
"FS","Données de la sécurité alimentaire","380","Italie","6126","Valeur","22013","PIB par habitant, ($ PPA internationaux constants de 2017)","2017","2017","I$","41581.1","X","Ciffre de sources internationales",""
"FS","Données de la sécurité alimentaire","388","Jamaïque","6126","Valeur","22013","PIB par habitant, ($ PPA internationaux constants de 2017)","2017","2017","I$","9984.6","X","Ciffre de sources internationales",""
"FS","Données de la sécurité alimentaire","392","Japon","6126","Valeur","22013","PIB par habitant, ($ PPA internationaux constants de 2017)","2017","2017","I$","41444.2","X","Ciffre de sources internationales",""
"FS","Données de la sécurité alimentaire","400","Jordanie","6126","Valeur","22013","PIB par habitant, ($ PPA internationaux constants de 2017)","2017","2017","I$","9629.1","X","Ciffre de sources internationales",""
"FS","Données de la sécurité alimentaire","398","Kazakhstan","6126","Valeur","22013","PIB par habitant, ($ PPA internationaux constants de 2017)","2017","2017","I$","24863","X","Ciffre de sources internationales",""
"FS","Données de la sécurité alimentaire","404","Kenya","6126","Valeur","22013","PIB par habitant, ($ PPA internationaux constants de 2017)","2017","2017","I$","4312.9","X","Ciffre de sources internationales",""
"FS","Données de la sécurité alimentaire","417","Kirghizistan","6126","Valeur","22013","PIB par habitant, ($ PPA internationaux constants de 2017)","2017","2017","I$","5046.7","X","Ciffre de sources internationales",""
"FS","Données de la sécurité alimentaire","296","Kiribati","6126","Valeur","22013","PIB par habitant, ($ PPA internationaux constants de 2017)","2017","2017","I$","1962.3","X","Ciffre de sources internationales",""
"FS","Données de la sécurité alimentaire","414","Koweït","6126","Valeur","22013","PIB par habitant, ($ PPA internationaux constants de 2017)","2017","2017","I$","50007.3","X","Ciffre de sources internationales",""
"FS","Données de la sécurité alimentaire","426","Lesotho","6126","Valeur","22013","PIB par habitant, ($ PPA internationaux constants de 2017)","2017","2017","I$","2571.7","X","Ciffre de sources internationales",""
"FS","Données de la sécurité alimentaire","428","Lettonie","6126","Valeur","22013","PIB par habitant, ($ PPA internationaux constants de 2017)","2017","2017","I$","28673.6","X","Ciffre de sources internationales",""
"FS","Données de la sécurité alimentaire","422","Liban","6126","Valeur","22013","PIB par habitant, ($ PPA internationaux constants de 2017)","2017","2017","I$","17808.1","X","Ciffre de sources internationales",""
"FS","Données de la sécurité alimentaire","430","Libéria","6126","Valeur","22013","PIB par habitant, ($ PPA internationaux constants de 2017)","2017","2017","I$","1533.4","X","Ciffre de sources internationales",""
"FS","Données de la sécurité alimentaire","434","Libye","6126","Valeur","22013","PIB par habitant, ($ PPA internationaux constants de 2017)","2017","2017","I$","24212.9","X","Ciffre de sources internationales",""
"FS","Données de la sécurité alimentaire","440","Lituanie","6126","Valeur","22013","PIB par habitant, ($ PPA internationaux constants de 2017)","2017","2017","I$","33761.9","X","Ciffre de sources internationales",""
"FS","Données de la sécurité alimentaire","442","Luxembourg","6126","Valeur","22013","PIB par habitant, ($ PPA internationaux constants de 2017)","2017","2017","I$","114986","X","Ciffre de sources internationales",""
"FS","Données de la sécurité alimentaire","807","Macédoine du Nord","6126","Valeur","22013","PIB par habitant, ($ PPA internationaux constants de 2017)","2017","2017","I$","15706.5","X","Ciffre de sources internationales",""
"FS","Données de la sécurité alimentaire","450","Madagascar","6126","Valeur","22013","PIB par habitant, ($ PPA internationaux constants de 2017)","2017","2017","I$","1548.2","X","Ciffre de sources internationales",""
"FS","Données de la sécurité alimentaire","458","Malaisie","6126","Valeur","22013","PIB par habitant, ($ PPA internationaux constants de 2017)","2017","2017","I$","25935.1","X","Ciffre de sources internationales",""
"FS","Données de la sécurité alimentaire","454","Malawi","6126","Valeur","22013","PIB par habitant, ($ PPA internationaux constants de 2017)","2017","2017","I$","1454.8","X","Ciffre de sources internationales",""
"FS","Données de la sécurité alimentaire","462","Maldives","6126","Valeur","22013","PIB par habitant, ($ PPA internationaux constants de 2017)","2017","2017","I$","18973.6","X","Ciffre de sources internationales",""
"FS","Données de la sécurité alimentaire","466","Mali","6126","Valeur","22013","PIB par habitant, ($ PPA internationaux constants de 2017)","2017","2017","I$","2153.8","X","Ciffre de sources internationales",""
"FS","Données de la sécurité alimentaire","470","Malte","6126","Valeur","22013","PIB par habitant, ($ PPA internationaux constants de 2017)","2017","2017","I$","43508.8","X","Ciffre de sources internationales",""
"FS","Données de la sécurité alimentaire","504","Maroc","6126","Valeur","22013","PIB par habitant, ($ PPA internationaux constants de 2017)","2017","2017","I$","7921.6","X","Ciffre de sources internationales",""
"FS","Données de la sécurité alimentaire","480","Maurice","6126","Valeur","22013","PIB par habitant, ($ PPA internationaux constants de 2017)","2017","2017","I$","22148.6","X","Ciffre de sources internationales",""
"FS","Données de la sécurité alimentaire","478","Mauritanie","6126","Valeur","22013","PIB par habitant, ($ PPA internationaux constants de 2017)","2017","2017","I$","5259.1","X","Ciffre de sources internationales",""
"FS","Données de la sécurité alimentaire","484","Mexique","6126","Valeur","22013","PIB par habitant, ($ PPA internationaux constants de 2017)","2017","2017","I$","20032.4","X","Ciffre de sources internationales",""
"FS","Données de la sécurité alimentaire","583","Micronésie (États fédérés de)","6126","Valeur","22013","PIB par habitant, ($ PPA internationaux constants de 2017)","2017","2017","I$","3522.3","X","Ciffre de sources internationales",""
"FS","Données de la sécurité alimentaire","496","Mongolie","6126","Valeur","22013","PIB par habitant, ($ PPA internationaux constants de 2017)","2017","2017","I$","11431.5","X","Ciffre de sources internationales",""
"FS","Données de la sécurité alimentaire","499","Monténégro","6126","Valeur","22013","PIB par habitant, ($ PPA internationaux constants de 2017)","2017","2017","I$","19682.3","X","Ciffre de sources internationales",""
"FS","Données de la sécurité alimentaire","508","Mozambique","6126","Valeur","22013","PIB par habitant, ($ PPA internationaux constants de 2017)","2017","2017","I$","1287.2","X","Ciffre de sources internationales",""
"FS","Données de la sécurité alimentaire","104","Myanmar","6126","Valeur","22013","PIB par habitant, ($ PPA internationaux constants de 2017)","2017","2017","I$","4312.9","X","Ciffre de sources internationales",""
"FS","Données de la sécurité alimentaire","516","Namibie","6126","Valeur","22013","PIB par habitant, ($ PPA internationaux constants de 2017)","2017","2017","I$","10335.3","X","Ciffre de sources internationales",""
"FS","Données de la sécurité alimentaire","520","Nauru","6126","Valeur","22013","PIB par habitant, ($ PPA internationaux constants de 2017)","2017","2017","I$","11746.6","X","Ciffre de sources internationales",""
"FS","Données de la sécurité alimentaire","524","Népal","6126","Valeur","22013","PIB par habitant, ($ PPA internationaux constants de 2017)","2017","2017","I$","3495.5","X","Ciffre de sources internationales",""
"FS","Données de la sécurité alimentaire","558","Nicaragua","6126","Valeur","22013","PIB par habitant, ($ PPA internationaux constants de 2017)","2017","2017","I$","5915.4","X","Ciffre de sources internationales",""
"FS","Données de la sécurité alimentaire","562","Niger","6126","Valeur","22013","PIB par habitant, ($ PPA internationaux constants de 2017)","2017","2017","I$","1156","X","Ciffre de sources internationales",""
"FS","Données de la sécurité alimentaire","566","Nigéria","6126","Valeur","22013","PIB par habitant, ($ PPA internationaux constants de 2017)","2017","2017","I$","5120","X","Ciffre de sources internationales",""
"FS","Données de la sécurité alimentaire","578","Norvège","6126","Valeur","22013","PIB par habitant, ($ PPA internationaux constants de 2017)","2017","2017","I$","64050.8","X","Ciffre de sources internationales",""
"FS","Données de la sécurité alimentaire","554","Nouvelle-Zélande","6126","Valeur","22013","PIB par habitant, ($ PPA internationaux constants de 2017)","2017","2017","I$","42218.5","X","Ciffre de sources internationales",""
"FS","Données de la sécurité alimentaire","512","Oman","6126","Valeur","22013","PIB par habitant, ($ PPA internationaux constants de 2017)","2017","2017","I$","34218.4","X","Ciffre de sources internationales",""
"FS","Données de la sécurité alimentaire","800","Ouganda","6126","Valeur","22013","PIB par habitant, ($ PPA internationaux constants de 2017)","2017","2017","I$","2128.4","X","Ciffre de sources internationales",""
"FS","Données de la sécurité alimentaire","860","Ouzbékistan","6126","Valeur","22013","PIB par habitant, ($ PPA internationaux constants de 2017)","2017","2017","I$","6840.7","X","Ciffre de sources internationales",""
"FS","Données de la sécurité alimentaire","586","Pakistan","6126","Valeur","22013","PIB par habitant, ($ PPA internationaux constants de 2017)","2017","2017","I$","4891.7","X","Ciffre de sources internationales",""
"FS","Données de la sécurité alimentaire","585","Palaos","6126","Valeur","22013","PIB par habitant, ($ PPA internationaux constants de 2017)","2017","2017","I$","17594.7","X","Ciffre de sources internationales",""
"FS","Données de la sécurité alimentaire","275","Palestine","6126","Valeur","22013","PIB par habitant, ($ PPA internationaux constants de 2017)","2017","2017","I$","6401.7","X","Ciffre de sources internationales",""
"FS","Données de la sécurité alimentaire","591","Panama","6126","Valeur","22013","PIB par habitant, ($ PPA internationaux constants de 2017)","2017","2017","I$","30526.4","X","Ciffre de sources internationales",""
"FS","Données de la sécurité alimentaire","598","Papouasie-Nouvelle-Guinée","6126","Valeur","22013","PIB par habitant, ($ PPA internationaux constants de 2017)","2017","2017","I$","3966.9","X","Ciffre de sources internationales",""
"FS","Données de la sécurité alimentaire","600","Paraguay","6126","Valeur","22013","PIB par habitant, ($ PPA internationaux constants de 2017)","2017","2017","I$","13604.2","X","Ciffre de sources internationales",""
"FS","Données de la sécurité alimentaire","604","Pérou","6126","Valeur","22013","PIB par habitant, ($ PPA internationaux constants de 2017)","2017","2017","I$","12442.7","X","Ciffre de sources internationales",""
"FS","Données de la sécurité alimentaire","608","Philippines","6126","Valeur","22013","PIB par habitant, ($ PPA internationaux constants de 2017)","2017","2017","I$","8001.8","X","Ciffre de sources internationales",""
"FS","Données de la sécurité alimentaire","616","Pologne","6126","Valeur","22013","PIB par habitant, ($ PPA internationaux constants de 2017)","2017","2017","I$","29958.1","X","Ciffre de sources internationales",""
"FS","Données de la sécurité alimentaire","630","Porto Rico","6126","Valeur","22013","PIB par habitant, ($ PPA internationaux constants de 2017)","2017","2017","I$","34363.8","X","Ciffre de sources internationales",""
"FS","Données de la sécurité alimentaire","620","Portugal","6126","Valeur","22013","PIB par habitant, ($ PPA internationaux constants de 2017)","2017","2017","I$","33044.7","X","Ciffre de sources internationales",""
"FS","Données de la sécurité alimentaire","634","Qatar","6126","Valeur","22013","PIB par habitant, ($ PPA internationaux constants de 2017)","2017","2017","I$","92177.6","X","Ciffre de sources internationales",""
"FS","Données de la sécurité alimentaire","140","République centrafricaine","6126","Valeur","22013","PIB par habitant, ($ PPA internationaux constants de 2017)","2017","2017","I$","839.6","X","Ciffre de sources internationales",""
"FS","Données de la sécurité alimentaire","410","République de Corée","6126","Valeur","22013","PIB par habitant, ($ PPA internationaux constants de 2017)","2017","2017","I$","40957.4","X","Ciffre de sources internationales",""
"FS","Données de la sécurité alimentaire","498","République de Moldova","6126","Valeur","22013","PIB par habitant, ($ PPA internationaux constants de 2017)","2017","2017","I$","11651.2","X","Ciffre de sources internationales",""
"FS","Données de la sécurité alimentaire","180","République démocratique du Congo","6126","Valeur","22013","PIB par habitant, ($ PPA internationaux constants de 2017)","2017","2017","I$","1023.5","X","Ciffre de sources internationales",""
"FS","Données de la sécurité alimentaire","418","République démocratique populaire lao","6126","Valeur","22013","PIB par habitant, ($ PPA internationaux constants de 2017)","2017","2017","I$","7211.3","X","Ciffre de sources internationales",""
"FS","Données de la sécurité alimentaire","214","République dominicaine","6126","Valeur","22013","PIB par habitant, ($ PPA internationaux constants de 2017)","2017","2017","I$","16524.5","X","Ciffre de sources internationales",""
"FS","Données de la sécurité alimentaire","834","République-Unie de Tanzanie","6126","Valeur","22013","PIB par habitant, ($ PPA internationaux constants de 2017)","2017","2017","I$","2458.3","X","Ciffre de sources internationales",""
"FS","Données de la sécurité alimentaire","642","Roumanie","6126","Valeur","22013","PIB par habitant, ($ PPA internationaux constants de 2017)","2017","2017","I$","26943.3","X","Ciffre de sources internationales",""
"FS","Données de la sécurité alimentaire","826","Royaume-Uni de Grande-Bretagne et d'Irlande du Nord","6126","Valeur","22013","PIB par habitant, ($ PPA internationaux constants de 2017)","2017","2017","I$","46372.4","X","Ciffre de sources internationales",""
"FS","Données de la sécurité alimentaire","646","Rwanda","6126","Valeur","22013","PIB par habitant, ($ PPA internationaux constants de 2017)","2017","2017","I$","1935","X","Ciffre de sources internationales",""
"FS","Données de la sécurité alimentaire","662","Sainte-Lucie","6126","Valeur","22013","PIB par habitant, ($ PPA internationaux constants de 2017)","2017","2017","I$","15247.5","X","Ciffre de sources internationales",""
"FS","Données de la sécurité alimentaire","659","Saint-Kitts-et-Nevis","6126","Valeur","22013","PIB par habitant, ($ PPA internationaux constants de 2017)","2017","2017","I$","29333.4","X","Ciffre de sources internationales",""
"FS","Données de la sécurité alimentaire","670","Saint-Vincent-et-les Grenadines","6126","Valeur","22013","PIB par habitant, ($ PPA internationaux constants de 2017)","2017","2017","I$","13633","X","Ciffre de sources internationales",""
"FS","Données de la sécurité alimentaire","882","Samoa","6126","Valeur","22013","PIB par habitant, ($ PPA internationaux constants de 2017)","2017","2017","I$","6238.8","X","Ciffre de sources internationales",""
"FS","Données de la sécurité alimentaire","678","Sao Tomé-et-Principe","6126","Valeur","22013","PIB par habitant, ($ PPA internationaux constants de 2017)","2017","2017","I$","3934.9","X","Ciffre de sources internationales",""
"FS","Données de la sécurité alimentaire","686","Sénégal","6126","Valeur","22013","PIB par habitant, ($ PPA internationaux constants de 2017)","2017","2017","I$","3259.2","X","Ciffre de sources internationales",""
"FS","Données de la sécurité alimentaire","688","Serbie","6126","Valeur","22013","PIB par habitant, ($ PPA internationaux constants de 2017)","2017","2017","I$","16611","X","Ciffre de sources internationales",""
"FS","Données de la sécurité alimentaire","690","Seychelles","6126","Valeur","22013","PIB par habitant, ($ PPA internationaux constants de 2017)","2017","2017","I$","28116.7","X","Ciffre de sources internationales",""
"FS","Données de la sécurité alimentaire","694","Sierra Leone","6126","Valeur","22013","PIB par habitant, ($ PPA internationaux constants de 2017)","2017","2017","I$","1593.5","X","Ciffre de sources internationales",""
"FS","Données de la sécurité alimentaire","702","Singapour","6126","Valeur","22013","PIB par habitant, ($ PPA internationaux constants de 2017)","2017","2017","I$","95310.3","X","Ciffre de sources internationales",""
"FS","Données de la sécurité alimentaire","703","Slovaquie","6126","Valeur","22013","PIB par habitant, ($ PPA internationaux constants de 2017)","2017","2017","I$","30061.6","X","Ciffre de sources internationales",""
"FS","Données de la sécurité alimentaire","705","Slovénie","6126","Valeur","22013","PIB par habitant, ($ PPA internationaux constants de 2017)","2017","2017","I$","36507.6","X","Ciffre de sources internationales",""
"FS","Données de la sécurité alimentaire","706","Somalie","6126","Valeur","22013","PIB par habitant, ($ PPA internationaux constants de 2017)","2017","2017","I$","1059.1","X","Ciffre de sources internationales",""
"FS","Données de la sécurité alimentaire","729","Soudan","6126","Valeur","22013","PIB par habitant, ($ PPA internationaux constants de 2017)","2017","2017","I$","4614","X","Ciffre de sources internationales",""
"FS","Données de la sécurité alimentaire","144","Sri Lanka","6126","Valeur","22013","PIB par habitant, ($ PPA internationaux constants de 2017)","2017","2017","I$","13584.2","X","Ciffre de sources internationales",""
"FS","Données de la sécurité alimentaire","752","Suède","6126","Valeur","22013","PIB par habitant, ($ PPA internationaux constants de 2017)","2017","2017","I$","51948","X","Ciffre de sources internationales",""
"FS","Données de la sécurité alimentaire","756","Suisse","6126","Valeur","22013","PIB par habitant, ($ PPA internationaux constants de 2017)","2017","2017","I$","69103.6","X","Ciffre de sources internationales",""
"FS","Données de la sécurité alimentaire","740","Suriname","6126","Valeur","22013","PIB par habitant, ($ PPA internationaux constants de 2017)","2017","2017","I$","17753.1","X","Ciffre de sources internationales",""
"FS","Données de la sécurité alimentaire","762","Tadjikistan","6126","Valeur","22013","PIB par habitant, ($ PPA internationaux constants de 2017)","2017","2017","I$","3236.4","X","Ciffre de sources internationales",""
"FS","Données de la sécurité alimentaire","148","Tchad","6126","Valeur","22013","PIB par habitant, ($ PPA internationaux constants de 2017)","2017","2017","I$","1579.8","X","Ciffre de sources internationales",""
"FS","Données de la sécurité alimentaire","203","Tchéquie","6126","Valeur","22013","PIB par habitant, ($ PPA internationaux constants de 2017)","2017","2017","I$","38824.9","X","Ciffre de sources internationales",""
"FS","Données de la sécurité alimentaire","764","Thaïlande","6126","Valeur","22013","PIB par habitant, ($ PPA internationaux constants de 2017)","2017","2017","I$","17008","X","Ciffre de sources internationales",""
"FS","Données de la sécurité alimentaire","626","Timor-Leste","6126","Valeur","22013","PIB par habitant, ($ PPA internationaux constants de 2017)","2017","2017","I$","3138.4","X","Ciffre de sources internationales",""
"FS","Données de la sécurité alimentaire","768","Togo","6126","Valeur","22013","PIB par habitant, ($ PPA internationaux constants de 2017)","2017","2017","I$","1972.7","X","Ciffre de sources internationales",""
"FS","Données de la sécurité alimentaire","776","Tonga","6126","Valeur","22013","PIB par habitant, ($ PPA internationaux constants de 2017)","2017","2017","I$","6257","X","Ciffre de sources internationales",""
"FS","Données de la sécurité alimentaire","780","Trinité-et-Tobago","6126","Valeur","22013","PIB par habitant, ($ PPA internationaux constants de 2017)","2017","2017","I$","26213.9","X","Ciffre de sources internationales",""
"FS","Données de la sécurité alimentaire","788","Tunisie","6126","Valeur","22013","PIB par habitant, ($ PPA internationaux constants de 2017)","2017","2017","I$","10874.9","X","Ciffre de sources internationales",""
"FS","Données de la sécurité alimentaire","795","Turkménistan","6126","Valeur","22013","PIB par habitant, ($ PPA internationaux constants de 2017)","2017","2017","I$","13703.5","X","Ciffre de sources internationales",""
"FS","Données de la sécurité alimentaire","792","Turquie","6126","Valeur","22013","PIB par habitant, ($ PPA internationaux constants de 2017)","2017","2017","I$","27582.8","X","Ciffre de sources internationales",""
"FS","Données de la sécurité alimentaire","798","Tuvalu","6126","Valeur","22013","PIB par habitant, ($ PPA internationaux constants de 2017)","2017","2017","I$","4208.9","X","Ciffre de sources internationales",""
"FS","Données de la sécurité alimentaire","804","Ukraine","6126","Valeur","22013","PIB par habitant, ($ PPA internationaux constants de 2017)","2017","2017","I$","11860.6","X","Ciffre de sources internationales",""
"FS","Données de la sécurité alimentaire","858","Uruguay","6126","Valeur","22013","PIB par habitant, ($ PPA internationaux constants de 2017)","2017","2017","I$","23107","X","Ciffre de sources internationales",""
"FS","Données de la sécurité alimentaire","548","Vanuatu","6126","Valeur","22013","PIB par habitant, ($ PPA internationaux constants de 2017)","2017","2017","I$","3031.2","X","Ciffre de sources internationales",""
"FS","Données de la sécurité alimentaire","704","Viet Nam","6126","Valeur","22013","PIB par habitant, ($ PPA internationaux constants de 2017)","2017","2017","I$","9050.7","X","Ciffre de sources internationales",""
"FS","Données de la sécurité alimentaire","894","Zambie","6126","Valeur","22013","PIB par habitant, ($ PPA internationaux constants de 2017)","2017","2017","I$","3395.5","X","Ciffre de sources internationales",""
"FS","Données de la sécurité alimentaire","716","Zimbabwe","6126","Valeur","22013","PIB par habitant, ($ PPA internationaux constants de 2017)","2017","2017","I$","2331.8","X","Ciffre de sources internationales",""
